0,1,2,3,4,5,6,7,8,9,10,11,12,13,14,15,16,17,18,19,20,21,22,23,24,25,26,27,28,29,30,31,32,33,34,35,36,37,38,39,40,41,42,43,44,45,46,47,48,49,50,51,52,53,54,55,56,57,58,59,60,61,62,63,64,65,66,67,68
101.9995689035781,14787.8125,497.0693277310924,4010.2542372881358,1307.2099447513813,896.2310606060606,1698.122009569378,396.32328308207707,326.9530170428374,872.0085995085996,218.0021498771499,843.0106888361045,479.9290060851927,39.175175230421104,222.51253918495297,415.82601054481546,178.88482862903226,507.7360515021459,inf,inf,inf,77.65178864456843,135.6161635460451,98.55803943349069,1999.4788732394366,44363.4375,496.7214835549335,6512.064220183486,78868.33333333333,130.76915991156963,396.98825503355704,390.6521739130435,862.4726609963548,1370.2992277992278,164.84324198792382,74.38849297841124,1820.0384615384614,4079.396551724138,78868.33333333333,439.5139318885449,412.44334689134223,316.59901873327385,759.9732334047109,294.52904564315355,2526.032028469751,141.84952038369303,223.28247876690784,4763.859060402685,16132.15909090909,527.7434944237918,283.5856971634039,297.2424623115578,346.7586712261847,438.69901112484547,214.70508166969148,138.77126099706746,242.83783783783784,135.9538402604865,630.3863232682061,543.919540229885,738.621227887617,882.8544776119403,4492.5,2005.1271186440679,380.39389067524115,139.28865777080063,711.2374749498998,557.5923016496465,411.24855156431056
1843.6753246753246,2087.6911764705883,357.9500756429652,59151.25,18679.342105263157,19184.18918918919,1372.9497098646034,706.2835820895523,436.5405904059041,1624.2906178489702,679.2488038277512,29575.625,7632.419354838709,689.1407766990292,413.6451048951049,1015.4721030042919,2957.5625,743.261780104712,inf,inf,709815.0,1516.698717948718,2366.05,1722.8519417475727,35490.75,inf,2839.26,101402.14285714286,inf,1966.246537396122,2508.180212014134,2751.220930232558,2204.394409937888,7098.15,672.8104265402843,650.6095325389551,11090.859375,64528.63636363636,354907.5,1139.3499197431781,376.959638874137,612.437446074202,808.4453302961275,510.658273381295,16132.15909090909,787.8079911209767,667.1193609022556,236605.0,709815.0,837.0459905660377,1260.7726465364121,4763.859060402685,1820.0384615384614,240.61525423728813,403.30397727272725,1457.5256673511294,1019.8491379310345,1341.805293005671,2957.5625,1710.3975903614457,5964.83193277311,2275.048076923077,35490.75,54601.153846153844,815.8793103448276,1405.5742574257426,474.1583166332665,5257.888888888889,5070.107142857143
151.31421871669153,108.51781073230393,22.88249516441006,1365.0288461538462,872.0085995085996,709.1058941058941,201.88139931740614,92.4358640447975,29.313029114185422,67.5435341136169,23.38071082710234,991.3617318435754,357.2294916960242,37.663960522126715,21.572301239970823,36.73610392298934,44.96199404573383,60.65239682132786,inf,inf,354907.5,56.70807701525925,50.49907512805919,52.54774948178857,1523.2081545064377,101402.14285714286,42.10802633920626,3921.6298342541436,23660.5,82.01213171577123,89.98668864097363,106.40308799280467,78.64114779525815,110.21972049689441,48.3525204359673,63.23518930957684,418.5229952830189,4763.859060402685,141963.0,22.199061767005475,29.560844577711144,33.22948363840644,55.35483116275442,48.415183138940044,683.1713185755534,40.50530700753253,27.770539906103288,16900.35714285714,4079.396551724138,83.18469471463729,31.900364028582985,215.22589448150393,88.64930685650056,24.745162977165766,8.313013843018762,115.1923076923077,58.730349164322355,30.013319238900635,114.06315282018319,91.50638133298956,146.1125977768629,97.23493150684932,1219.6134020618556,950.2208835341365,20.34145293021923,26.380309956516893,50.72643464589438,209.01501766784452,151.4110494880546
3445.7038834951454,2827.9482071713146,1219.6134020618556,81.70062154696133,39.798990748528176,98.40773603216415,90.24984106802289,4275.993975903614,110.32250543985079,218.6064059131506,245.27125086385627,57.33099103464987,66.98895809739524,912.3586118251928,1573.8691796008868,2751.220930232558,409.82390300230946,516.2290909090909,inf,inf,inf,677.3043893129772,1056.2723214285713,1735.4889975550122,125.20991356500265,22897.25806451613,2218.171875,1027.2286541244573,5678.52,663.3785046728972,212.26525119617224,207.18476357267951,37.87497999039539,84.26103988603988,2499.3485915492956,2260.5573248407645,31.79320075248589,134.6386570561457,10754.772727272728,805.6923950056754,180.84458598726115,246.20707596253902,142.0482289373624,422.2575847709697,31.64155485222663,382.64959568733155,313.66106937693326,11830.25,37358.68421052631,5678.52,2057.4347826086955,3007.6906779661017,542.6720183486239,156.65747075700727,700.7058242843041,2562.5090252707582,578.0252442996742,492.24341192787796,51.78485445392865,97.03554340396445,15.20076666095597,20.51251300427696,398.10151430173863,124.11522993530338,279.67494089834514,755.1223404255319,3286.1805555555557,255.6970461095101,153.83940182054616
1367.6589595375722,25350.535714285714,2081.5689149560117,51.8302300109529,12.389642352201916,16.38538781163435,72.63020566867901,2473.2229965156794,124.70397048489107,339.6244019138756,270.92175572519085,15.797890098150498,23.099941421504816,558.0306603773585,1877.8174603174602,1928.8451086956522,844.013079667063,465.45245901639345,inf,inf,inf,642.9483695652174,1185.0,1824.7172236503857,60.39436739555858,4732.1,3549.075,747.1736842105263,9464.2,503.4148936170213,189.63799091637725,220.1659429280397,70.88226482923906,220.9884806973848,2389.949494949495,1553.2056892778994,30.993581346607282,64.81144996347699,5377.386363636364,1334.2387218045112,145.75256673511294,217.33466013472136,200.7963224893918,432.55027422303476,20.933555503126104,358.85490394337717,326.05190629306384,2862.157258064516,9858.541666666666,2350.380794701987,2751.220930232558,2850.6626506024095,564.2408585055643,186.891785150079,955.3364737550471,1169.3822075782537,516.2290909090909,410.534991324465,58.05307925083831,114.17323467910568,31.446703880914406,46.6553831996845,332.310393258427,101.12765351189628,338.9756446991404,1021.31654676259,3364.0521327014217,332.6218369259606,124.41980718667836
2022.2649572649573,118302.5,4550.096153846154,335.45132325141776,20.997958821441248,17.594066032123735,291.50513347022587,2850.6626506024095,394.5608671484158,696.5799803729146,737.0872274143302,35.050861685842676,69.29756907156107,1238.7696335078533,2698.916349809886,2225.12539184953,1801.5609137055837,1595.0898876404494,inf,inf,inf,1309.6217712177122,2398.0236486486488,4275.993975903614,73.78534303534303,4732.1,7800.1648351648355,880.6637717121588,11636.311475409837,653.0036798528059,395.4401114206128,638.3228417266187,420.2575488454707,979.0551724137931,7800.1648351648355,3271.0368663594472,175.65330363771344,96.36369807222373,6452.863636363636,3584.9242424242425,478.9574898785425,865.6280487804878,822.4971031286211,1584.408482142857,77.91602634467618,945.1597869507324,998.3333333333334,2921.0493827160494,15430.760869565218,3621.5051020408164,9218.376623376624,6172.304347826087,1274.3536804308796,662.1408582089553,1003.9816124469589,2218.171875,1457.5256673511294,1383.654970760234,234.80482963943103,474.7926421404682,201.8239977253341,304.64163090128756,587.5951986754967,147.57068607068607,924.23828125,3479.485294117647,4669.835526315789,1037.7412280701753,345.40875912408757
531.2986526946107,1431.078629032258,103.72862779482683,69.45352250489236,33.24660421545668,75.41595835104123,6.229890202480318,511.3940922190202,16.10945939812083,47.45704352477101,37.00036488740617,47.944275582573454,28.16949757917295,81.81362378976488,245.10186464088397,267.7536778574123,78.32009268454155,28.26259207644834,inf,inf,354907.5,65.22835875758133,61.97633807735964,118.71801304565982,204.85281385281385,18679.342105263157,283.5856971634039,1067.390977443609,9858.541666666666,130.33694454645612,24.340408751114463,15.079026193359251,6.797366531003112,19.227320746539533,119.05652465615566,171.9513081395349,27.596710858831305,361.41293279022403,29575.625,99.81929405146956,5.802745168568719,14.800145954962469,10.462303780676542,20.677435329759962,39.67885292637934,26.276792655388146,22.366945013392154,2464.6354166666665,2740.5984555984555,436.2722802704364,125.47551705851158,366.82945736434107,29.477367109634553,10.49665054789051,83.56663527195667,536.1140483383685,56.160693092807975,28.483747993579453,5.671079543638746,6.0112549859841975,9.788661499848304,7.810206529273902,289.4840946166395,163.1008731617647,37.91139240506329,75.12064768758599,240.28943805010155,30.79324107413995,19.009507230851632
261.1534216335541,2398.0236486486488,173.21010248901902,4354.693251533742,1573.8691796008868,1090.3456221198157,992.7482517482517,117.36359126984127,203.15254722381226,710.5255255255255,212.6467944877172,984.4868238557559,788.6833333333333,79.12328614424256,85.07910823444804,174.74519940915806,298.11633767324656,262.69985196151,inf,inf,709815.0,150.57594399660584,217.40122511485453,198.2723463687151,1428.199195171026,141963.0,445.5838041431262,7169.848484848485,inf,253.50535714285715,446.9867758186398,438.97031539888684,622.6447368421053,1114.309262166405,115.9828431372549,84.5823403241182,1609.5578231292518,6452.863636363636,41753.82352941176,370.66057441253264,176.70276325616132,220.02944823310602,384.7235772357724,191.6864704293816,1887.8058510638298,129.1982162358937,145.1564417177914,64528.63636363636,15773.666666666666,204.43980414746545,268.9712012125805,681.8587896253603,360.12937595129375,145.84240805424287,85.88203266787659,114.09982317955313,286.3311819281968,198.60520425293788,490.54250172771253,431.2363304981774,703.4836471754212,707.691924227318,3429.057971014493,1988.2773109243697,335.29286726499765,203.7941429801895,168.64219529579472,614.0268166089966,569.2181234963913
113.78887463930747,193.2521099918323,23.317729378141323,56.089687870406955,28.8824462890625,37.13586899654703,13.736670988717512,153.83940182054616,2.8819123020706456,5.852165453331245,3.1867853118251572,51.1173124009794,31.806022314827263,19.609232554284766,52.17309812568909,89.40861569467187,11.907649723200805,11.123534758352662,inf,inf,709815.0,19.483283926218707,30.16894763685821,42.13302071585446,37.48692896752046,3183.026905829596,70.98859885988598,125.14368829337094,2275.048076923077,26.21855723414472,22.00635560378236,17.047697960948195,4.357045521508544,6.992355658881128,47.09494426751592,46.481238949643114,23.058668745736284,93.56907461112576,3086.1521739130435,20.78277800550448,4.199243939089177,8.233366584698185,5.658105555156993,10.136449318824436,35.44821214542549,8.551781884773861,6.092728021836535,5502.441860465116,911.1874197689345,161.50511945392492,52.72730649234883,111.22140394860546,16.10032435865448,4.591032863546107,21.827029520295202,122.15023231801756,19.69356046943928,11.56125806241449,12.476973105994023,10.43845588235294,9.296734816832785,6.4433743032987785,48.720914270025396,26.778398158976874,5.211831738782463,14.183818239948845,65.21637265711135,41.18450826805918,24.678058616973196
567.3980815347721,570.1325301204819,61.51442932663142,204.97112330349407,122.40300051733057,151.76715843489416,77.6178239475123,434.13761467889907,9.247680963051748,18.09137249904422,15.586284886146549,234.6495867768595,132.87439161362786,88.81569069069069,160.4827040470269,247.84043296089385,44.519254892122426,33.363807285546415,inf,inf,709815.0,92.70144965391145,110.15130353817504,155.4906900328587,180.1103780766303,18679.342105263157,242.58885850991115,669.0056550424129,8350.764705882353,170.71067821067822,100.2280429257272,72.65994472310369,14.274237335853762,19.838317495807715,173.46407624633432,181.02907421576128,75.43198724760893,292.94882377218323,9592.094594594595,55.208446760519564,20.32339804157361,38.987970998571896,18.69213145836625,45.26015430721163,107.85822823279138,44.73529967857818,20.449281207686326,8985.0,3987.724719101124,637.7493261455526,153.87275092130935,479.9290060851927,81.92693905817174,14.801071793481661,52.74689752545144,449.819391634981,117.38299983462875,44.247288368033914,47.728281334050564,41.60453666256374,29.348176631108906,19.22159337088388,245.78081717451525,108.12109672505711,12.45180247346724,52.96731587194986,235.03807947019868,183.03635894791128,103.3059234463688
78.01022090339598,261.3457290132548,18.687210404380792,147.72424557752342,77.06166540006514,100.8116744780571,39.344548528352085,121.77303139475039,4.306319806347107,9.759456077876008,4.198300132487934,131.22850804215196,71.1950852557673,12.485532356510879,33.373219239268415,87.93545589692765,8.171755197900117,13.690834394167341,inf,inf,354907.5,12.523200423429781,14.80693812841587,21.920725116580712,121.37739398084815,8656.280487804877,32.73450470392916,320.16914749661703,4929.270833333333,25.812393177933743,43.43501407416473,30.733243851749222,13.216925798342798,20.336790533765004,24.61131722201033,26.14227312905127,63.99341868012982,256.06601731601734,6066.794871794872,11.789771783543168,8.510256932871341,16.09192926773974,11.032250543985079,10.474191358753394,90.31874284260084,8.296592835018409,8.271070508861674,9997.394366197183,1533.0777537796976,118.6386428213271,23.311603008308975,83.21395076201641,31.52911651046062,6.968945745871542,12.356858102814964,84.25103857566765,28.856614358890965,6.056907100374602,23.86012975226058,19.93134529525735,25.99007725824759,18.98916532905297,145.3050153531218,91.47100515463917,5.043413077923278,7.7524574049803405,52.67643784786642,66.04158913286193,43.61918515332145
615.6244579358196,18200.384615384617,4408.788819875776,154.57643728222996,17.836340335712134,27.588130125539276,134.38375615297235,1175.1903973509934,248.5346638655462,548.5432766615147,483.85480572597135,11.304586717630196,8.006124589720164,420.00887573964496,1087.0061255742726,1265.2673796791444,955.3364737550471,528.5294117647059,inf,inf,inf,370.0808133472367,1408.3630952380952,1475.7068607068607,117.15051988777026,3900.0824175824177,2827.9482071713146,564.2408585055643,18200.384615384617,266.14735658042747,87.72895810159436,65.82112388724036,211.4432529043789,486.1746575342466,2267.779552715655,901.9250317662007,84.86549497847919,135.6420791133193,5336.954887218045,3113.2236842105262,237.9534026148173,273.215935334873,463.0234833659491,423.5173031026253,59.42858338914937,319.4486948694869,530.5044843049327,375.7623080995236,6696.367924528302,2698.916349809886,2526.032028469751,1408.3630952380952,242.00988748721446,284.49498997995994,1171.3118811881188,589.5473421926911,293.0697770437655,478.6345246122724,36.36906286826869,98.2578903654485,80.62414811449341,124.11522993530338,442.5280548628429,153.57312851579402,890.6085319949811,1478.78125,3099.6288209606987,83.02900924084689,24.5101864640884
334.3452661328309,27300.576923076922,606.1614005123826,100.72584078331205,20.478189371646184,29.710560462098698,39.12335335942237,1093.7057010785825,81.59731003563628,226.1998087954111,165.5352145522388,6.578269371565202,6.74209971409846,187.3851636747624,513.6143270622287,446.70547514159847,363.8211173757048,175.34955533596838,inf,inf,709815.0,144.15414297319253,359.03641881638845,416.0697538100821,130.09805718475073,3549.075,1624.2906178489702,513.6143270622287,17745.375,116.00179767935937,39.51979288458326,24.69351191511567,39.53740321951763,94.83166332665331,947.6835781041389,436.2722802704364,27.651538761199845,156.31248623651177,8763.148148148148,586.139554087531,49.53695303231209,52.377139905548994,89.04968009032744,135.20285714285714,45.84183673469388,97.06208122521537,109.99767549976755,1213.3589743589744,2430.873287671233,1109.0859375,1114.309262166405,456.1793059125964,84.94674485399713,118.3814209472982,367.77979274611397,400.3468697123519,118.44068079425998,160.4827040470269,8.972620055872277,19.55413223140496,14.96016608004721,32.34075997813012,317.73276633840646,140.36286335772198,208.03487690504105,451.24920534011443,1436.8724696356276,33.29963407768812,11.940902361886819
10.998915317269699,1194.9747474747476,40.13428700667195,268.2596371882086,110.21972049689441,127.38962670495334,83.59616064067836,39.692165744002686,17.00440792468198,48.838241365075,12.128199432730753,72.8613221104496,48.3492268919011,3.6730781172379534,18.40758797749021,48.724258649093905,11.33346638990899,28.389193296804383,inf,inf,236605.0,4.506218297475225,9.371113604858406,8.783208562766813,186.64606889297923,5034.148936170212,33.799104804533115,528.9232488822653,14196.3,6.415884809371441,23.47815301160983,17.784500901984366,37.85881913702064,77.39777559699051,12.157072636031993,6.749921547371124,124.3762046609427,473.21,17312.560975609755,20.726946212696372,16.445749635087232,12.302246178377066,34.07330069124424,12.70589814731943,159.0443647770558,5.678701718454991,9.975756809174467,6226.4473684210525,908.854033290653,50.37721788502484,16.76028901324644,21.900435037487274,13.910304146742964,20.34728393292246,13.634818187056993,15.639514387696646,11.804673208049227,6.958151982119751,28.873047510575983,27.947673045121665,51.58164377588838,43.51489700833742,281.33769322235435,169.97485632183907,22.68504314477469,7.745605133073624,52.692079281419346,35.649389784541206,21.693612469437653
79.02638610554442,662.7591036414566,29.93358073630498,1036.2262773722628,567.852,460.61972744970797,291.9847799259564,52.47394100687514,68.13351890957958,149.6868409953606,53.07028037383178,391.29823594266816,244.51085084395453,22.009767441860465,35.121969322117764,56.495940783190065,92.14786446838895,94.46566409369177,inf,inf,141963.0,43.28932121729585,70.0636659757181,57.54479124442643,535.7094339622641,32264.31818181818,105.4232882815981,2177.346625766871,41753.82352941176,52.01253022642339,71.25941170565204,84.64285714285714,173.9316344033325,255.23732470334411,43.26029985372989,30.58229211546747,531.2986526946107,2648.563432835821,47321.0,59.743708442050334,39.283579611489294,34.191473988439306,103.29089057043073,57.5261366399222,710.5255255255255,33.891090527119935,45.431067588325654,12030.762711864407,1853.3028720626633,75.9485341322491,51.716939890710385,137.72118742724098,64.31231312856754,50.174241888739665,17.050154932622323,52.71947415329768,50.32007656316461,43.19974438561256,114.89397863386209,104.17009098914001,192.8321108394458,161.10190649114844,806.6079545454545,706.9870517928287,48.48794316551677,52.39647154351517,49.21069051580699,123.79054761074293,101.34423186750428
120.81957446808511,1731.2560975609756,47.13559997343781,1658.446261682243,732.5232198142415,877.3980222496909,453.555910543131,105.91092211280215,89.8386280217694,220.09767441860464,89.2063591805957,586.6239669421487,303.9892933618844,49.96234250721475,56.667331949544945,108.28604118993135,205.44573082489146,154.91379310344828,inf,inf,236605.0,90.1009139375476,189.13269384492406,153.47351351351352,2150.9545454545455,78868.33333333333,261.0573740345715,4150.964912280701,59151.25,112.09965255843335,128.96348110465115,151.21751171708564,274.9089852827266,392.5967920353982,116.91895898534014,74.2096184004182,619.3848167539267,4328.140243902439,19184.18918918919,125.47551705851158,72.06975327444411,64.79961657841885,182.8948724555527,109.67475278121137,1428.199195171026,62.809928324927,85.34507634964531,19184.18918918919,6172.304347826087,90.54917719096824,151.8970682644982,222.72199560715407,133.8515934376768,76.80318112962563,40.73309996556869,100.3981612446959,96.86340065502183,113.88015401893149,187.73208145993124,197.2804335742079,347.7780499755022,273.74276899344386,964.4225543478261,1040.7844574780058,90.07804568527919,124.79166666666667,79.40653316925831,194.95056303213403,172.2433875272992
72.6376381498158,718.4362348178138,34.101128993514294,220.64501087970157,132.42817164179104,147.78575890068706,71.60445879148592,177.27647352647352,8.805545217714924,23.338429670546457,5.645549988069673,183.41472868217053,117.07323107372588,12.228912549100682,60.18441580464643,165.96095393967735,10.398848503494044,14.670752123679804,inf,inf,inf,10.71580615942029,13.747845286746335,21.296579657965797,196.46138942706892,10754.772727272728,33.89432718938019,530.1082897684839,10754.772727272728,22.922398759930246,70.00147928994083,50.53862584549662,30.144604408204867,48.73764075803351,33.008510044642854,37.516649048625794,114.94979757085021,380.1901446170327,15102.446808510638,13.286195601310247,13.05743087875499,28.00059171597633,23.559195459524048,12.320610289523016,185.815445026178,10.236141555145363,8.070022852075446,13144.722222222223,2177.346625766871,175.4796044499382,26.031062050755466,60.26105781475507,43.03995876788746,12.449618521441726,14.862123115577889,89.56656151419558,44.156454121306375,7.657615379636223,40.71207341554345,32.567790777701305,49.41280891054647,37.28215767634855,212.7105184297273,118.8770725171663,6.693526333160451,6.559909431172311,98.81873868857024,101.51816361556064,75.05710056043142
120.00253592561285,300.3872196360559,34.52407587548638,187.1381492222515,86.59448578748322,94.79366987179488,26.256380853739735,158.93752798925212,7.330376321877066,14.31627034549525,11.615175663955753,90.34173348606339,50.345059933328606,24.712425582285974,62.99387646432375,100.68297872340426,14.372797958935731,14.828591125595388,inf,inf,354907.5,18.654796320630748,34.40693165293262,53.599259986407915,157.80680302356603,9997.394366197183,73.20699257425743,472.89473684210526,8656.280487804877,22.393053189475676,26.77132835483141,24.561922557873974,14.53675070142743,29.053865989930827,46.630863224280645,52.524419120911645,81.14026063100137,307.41229969683843,6066.794871794872,40.74946897066422,3.9103309222522764,8.887574186762828,6.761495156174092,11.630591512370964,101.57627361190613,6.573213194302965,10.945489591364687,7715.380434782609,923.036410923277,194.46986301369864,54.36279390365321,113.89842747111682,20.76150223756179,4.358677564153735,26.677753974517984,116.21070726915521,16.750401170473854,10.28806852769806,21.738125133984628,15.166339045339942,33.794277280517996,26.094221013160798,203.2107071285428,108.98433901427913,8.970012131628165,23.17460576577753,69.76068796068796,61.42393561786085,41.512076729633314
inf,inf,inf,inf,inf,inf,inf,inf,inf,inf,inf,inf,inf,inf,inf,inf,inf,inf,inf,inf,inf,inf,inf,inf,inf,inf,inf,inf,inf,inf,inf,inf,inf,inf,inf,inf,inf,inf,inf,inf,inf,inf,inf,inf,inf,inf,inf,inf,inf,inf,inf,inf,inf,inf,inf,inf,inf,inf,inf,inf,inf,inf,inf,inf,inf,inf,inf,inf,inf
inf,inf,inf,inf,inf,inf,inf,inf,inf,inf,inf,inf,inf,inf,inf,inf,inf,inf,inf,inf,inf,inf,inf,inf,inf,inf,inf,inf,inf,inf,inf,inf,inf,inf,inf,inf,inf,inf,inf,inf,inf,inf,inf,inf,inf,inf,inf,inf,inf,inf,inf,inf,inf,inf,inf,inf,inf,inf,inf,inf,inf,inf,inf,inf,inf,inf,inf,inf,inf
709815.0,709815.0,141963.0,inf,inf,inf,354907.5,inf,141963.0,354907.5,101402.14285714286,inf,236605.0,177453.75,709815.0,709815.0,inf,354907.5,inf,inf,47321.0,354907.5,709815.0,177453.75,inf,inf,709815.0,inf,inf,709815.0,354907.5,709815.0,inf,709815.0,709815.0,354907.5,inf,inf,inf,354907.5,118302.5,inf,709815.0,236605.0,inf,354907.5,141963.0,inf,inf,709815.0,354907.5,354907.5,709815.0,236605.0,177453.75,inf,236605.0,inf,354907.5,354907.5,709815.0,inf,inf,inf,177453.75,354907.5,354907.5,709815.0,inf
30.49557484103798,1577.3666666666666,45.378787878787875,356.51180311401305,146.68629882207068,182.84775888717155,68.41590361445783,105.4232882815981,20.15432011130356,56.821565802113355,11.777252364360379,85.33481606155325,48.244069870182834,5.4665069927915715,35.676266586248495,65.98020078081427,11.16447513290761,20.141166789626013,inf,inf,709815.0,6.779253896699267,11.655992906054486,13.485096035108384,362.7056719468574,12030.762711864407,55.75923016496465,1019.8491379310345,18200.384615384617,6.681806628950119,17.746262313115654,14.786580284976251,34.70299207978879,73.91596376132459,21.378682007108004,15.517795461501464,138.3924741665042,804.7789115646259,21509.545454545456,32.56629656817765,8.67256799354886,7.269045253919651,23.922047721757885,9.941386554621849,223.35273757079923,3.4449179070794527,7.239538180668455,4225.089285714285,1053.1379821958458,88.05545217714923,28.402825017006123,24.601934008041038,11.012225204399833,17.417918138987044,19.808974967208997,36.764644947428394,9.509974678117338,6.735254488177022,17.741383188782525,14.000295857988165,56.098553702679204,47.02007154213037,393.4672949002217,263.28449554896144,20.14459643546373,13.352677815609775,86.97647347138832,33.26686038337161,22.701004221568375
27.380612559790155,799.3412162162163,35.40401017507108,483.19605173587473,246.0363951473137,287.60737439222044,92.6409553641347,115.81253059226627,29.4394674629837,70.27871287128713,13.17962381863082,275.01549786904303,148.06320400500627,7.048318388989842,45.750241701579114,130.1935069699193,12.65177170968202,31.28316438959894,inf,inf,354907.5,10.463691845038033,12.718875430045872,13.739063951687829,387.0310796074155,29575.625,37.13975512766848,1146.7124394184168,18679.342105263157,24.400653145410793,63.97611536728256,50.57823856348867,48.46476853748464,88.42842905194966,15.854347680418128,19.848302667636037,171.5357660705655,951.494638069705,17745.375,17.18014812663375,15.797186922751653,26.238910246931834,33.305884009009006,16.694851471176236,243.2539410555175,10.189560873372475,12.45507983856817,12238.189655172413,2562.5090252707582,124.2673319327731,16.12739417899257,53.978326996197715,43.611145244531826,19.79847707240879,12.905727272727272,44.896584440227706,44.06052141527002,7.967571390086207,34.87863004274974,29.288838456777388,74.01616266944734,56.61761186886815,423.2647584973166,273.0057692307692,21.19736606342949,10.532786277099316,67.09660648454485,95.3924203736057,85.89242497579865
46.78453730556288,950.2208835341365,37.346890455645585,420.7557794902193,274.27163833075736,318.30269058295966,131.837852897474,101.95561620224073,28.905970027691808,70.77624887825307,16.96660770628167,287.3744939271255,175.60984661058882,8.653642182261505,34.55432771881998,138.44645991808076,15.330446426643054,44.52763314723041,inf,inf,354907.5,13.080289684148454,16.397500462021807,22.048737303140435,342.90579710144925,37358.68421052631,43.699747583574464,1042.3127753303966,19184.18918918919,30.01205023043423,86.40474741326841,55.57586908863138,58.358546411247225,93.74207606973059,23.679443554843875,16.488919345846497,203.38538681948424,822.4971031286211,44363.4375,20.089861881580436,26.729994351346264,37.75812543220384,42.89949232442886,22.318419066784053,255.88139870223503,14.55553049255629,17.315517283438634,47321.0,2562.5090252707582,97.8380427291523,28.402825017006123,98.64021678710395,52.25760141353162,25.589062331014095,13.567059767961926,54.77812934094768,50.15651498021481,10.49975592799136,52.9594120719242,47.33993597438975,84.61258791274288,60.456094029469384,438.4280420012353,335.6099290780142,25.11197198047124,11.482892501819947,63.13956591353852,108.95088257866462,69.5487948265726
4275.993975903614,22897.25806451613,4056.0857142857144,282.00834326579263,77.51610789559899,61.67477626205578,674.088319088319,3603.1218274111675,274.69620743034056,408.8796082949309,465.75787401574803,121.54366438356165,232.57372214941023,1787.9471032745591,1380.9630350194552,7551.223404255319,1428.199195171026,1329.241573033708,inf,inf,inf,2969.9372384937237,2827.9482071713146,3584.9242424242425,47.915147833130824,4963.741258741259,7551.223404255319,695.8970588235294,7027.8712871287125,1419.63,1281.2545126353791,1297.6508226691042,282.68219832735963,499.1666666666667,8872.6875,5724.314516129032,164.65205288796102,66.7056667606428,8763.148148148148,1469.5962732919254,1139.3499197431781,1613.215909090909,717.7098078867543,1778.984962406015,55.57151804587802,1526.483870967742,778.3059210526316,5460.115384615385,44363.4375,9100.192307692309,6760.142857142857,19184.18918918919,2794.547244094488,553.2462977396726,1236.6114982578397,5070.107142857143,2389.949494949495,1635.5184331797236,376.16057233704294,743.261780104712,128.42681382305048,197.22561822728537,357.9500756429652,84.6832498210451,418.7699115044248,1602.2911963882618,5219.22794117647,1686.021377672209,859.3401937046004
354907.5,inf,inf,354907.5,141963.0,19184.18918918919,inf,354907.5,354907.5,709815.0,236605.0,39434.166666666664,44363.4375,709815.0,709815.0,inf,709815.0,inf,inf,inf,inf,354907.5,709815.0,inf,54601.153846153844,8551.987951807228,inf,39434.166666666664,inf,118302.5,118302.5,236605.0,236605.0,177453.75,inf,709815.0,709815.0,141963.0,354907.5,709815.0,177453.75,inf,354907.5,inf,118302.5,177453.75,inf,709815.0,inf,inf,inf,354907.5,141963.0,354907.5,709815.0,101402.14285714286,177453.75,236605.0,78868.33333333333,inf,177453.75,236605.0,12905.727272727272,8656.280487804877,354907.5,inf,inf,236605.0,236605.0
201.13771606687448,937.668428005284,42.81410217745341,1188.9698492462312,671.5373699148533,921.8376623376623,315.89452603471295,229.41661279896573,68.53480737665348,149.43473684210525,29.912136536030342,1009.6941678520626,694.5352250489237,30.872259916492695,73.19944312674023,237.79396984924622,35.135877635877634,89.52137722285282,inf,inf,inf,54.609555316202496,34.20465497301465,52.09651376146789,1319.3587360594795,70981.5,71.07389606488435,2526.032028469751,33800.71428571428,134.9714774671991,250.81802120141342,182.61255466941086,152.45167525773195,224.34102402022756,41.621613697666234,46.85866120940058,579.9142156862745,2304.594155844156,118302.5,30.644346587229634,49.31668172028069,104.52289795317331,94.00278108859753,60.37381985200306,693.1787109375,48.322894683096195,37.55436220305804,70981.5,9723.493150684932,222.51253918495297,57.34488608822104,389.5801317233809,194.31015603613469,59.38880522088353,19.742309617845024,143.1655909640984,185.13693270735524,24.468785549312283,153.939492517892,129.05727272727273,213.9930660235152,148.71464487743557,1159.828431372549,646.4617486338798,38.81952420016407,20.443980414746544,119.35681856398185,351.7418235877106,262.31152993348115
33800.71428571428,354907.5,26289.444444444445,17745.375,2508.180212014134,1761.3275434243176,18200.384615384617,64528.63636363636,4895.275862068966,8985.0,9464.2,3412.5721153846152,3775.6117021276596,35490.75,35490.75,88726.875,22181.71875,33800.71428571428,inf,inf,inf,26289.444444444445,39434.166666666664,88726.875,2039.698275862069,23660.5,18679.342105263157,356.51180311401305,4998.697183098591,11266.904761904761,9723.493150684932,22897.25806451613,7715.380434782609,7800.1648351648355,177453.75,47321.0,4328.140243902439,5034.148936170212,5377.386363636364,44363.4375,6760.142857142857,18200.384615384617,16900.35714285714,20876.91176470588,2761.9260700389104,10754.772727272728,10594.253731343284,709815.0,354907.5,29575.625,101402.14285714286,101402.14285714286,30861.521739130436,11830.25,17312.560975609755,27300.576923076922,20876.91176470588,16900.35714285714,12905.727272727272,15773.666666666666,4579.451612903225,3836.837837837838,411.24855156431056,638.3228417266187,7800.1648351648355,32264.31818181818,64528.63636363636,30861.521739130436,14787.8125
354907.5,inf,inf,141963.0,50701.07142857143,16132.15909090909,354907.5,inf,118302.5,354907.5,236605.0,70981.5,354907.5,354907.5,354907.5,inf,inf,709815.0,inf,inf,inf,709815.0,709815.0,709815.0,30861.521739130436,354907.5,inf,5770.8536585365855,7800.1648351648355,236605.0,118302.5,141963.0,354907.5,236605.0,inf,709815.0,101402.14285714286,78868.33333333333,70981.5,354907.5,141963.0,141963.0,101402.14285714286,709815.0,33800.71428571428,177453.75,236605.0,709815.0,inf,23660.5,709815.0,inf,354907.5,177453.75,78868.33333333333,354907.5,354907.5,236605.0,64528.63636363636,88726.875,50701.07142857143,44363.4375,7098.15,9218.376623376624,141963.0,709815.0,709815.0,709815.0,118302.5
47.86022520396467,3677.79792746114,88.49457673606783,545.5918524212144,178.79471032745593,157.38691796008868,137.50774893452152,152.68122176812219,33.925106342302726,122.2343723092819,34.995562786570034,100.89765458422175,61.08562822719449,7.991162397973543,53.6357110473024,82.10699826489301,37.0022936975447,25.600137050528367,inf,inf,inf,10.089765458422175,29.107479701468055,36.59406093725834,395.4401114206128,7975.449438202248,177.98771313941825,1057.8464977645306,18679.342105263157,16.987722573233775,21.74611684691033,19.22003195147708,60.54375639713408,130.8173608551419,76.46396639017559,32.89378562491311,211.00326991676576,1201.0406091370558,6891.407766990291,120.6142735768904,19.63907257283568,11.007784997596266,48.257189475831126,17.443600707755824,332.77777777777777,7.669281384720106,13.441429328889562,6015.381355932203,590.5282861896839,147.78575890068706,96.02475649350649,32.81926206769003,12.072915603633025,36.84479626265248,59.0479161467432,47.207701516360736,11.944921243941842,14.742969301707307,36.686737647302046,31.36749303990455,79.0,85.4683925346177,512.8721098265896,299.5,68.6143064282262,46.55745769382133,162.09522722082667,40.83386066846919,30.587563561147977
124.39800210304942,3857.6902173913045,72.1943653376729,162.91370208859306,78.43259668508287,109.45489591364688,25.840583930976738,172.95687134502924,32.465010976948406,109.87848297213623,65.3364322533137,25.00228953856992,15.374277112348112,36.20766170169353,59.2598931374186,81.63484761357101,80.67913162082291,37.23326689047419,inf,inf,709815.0,27.893857822140134,67.0079297649391,102.72286541244573,258.9620576431959,8656.280487804877,290.1941946034342,630.9466666666667,6958.970588235294,24.38388869804191,5.99156741426027,5.721407671908627,15.375609227769955,36.51875289396512,136.21473805411628,143.83282674772036,62.88783556303712,465.14744429882046,6760.142857142857,196.02734051367025,10.796814870024185,6.296593630799255,21.636743278668536,37.50277381518465,86.88066095471237,17.62070848745128,24.457825098201365,1416.7964071856288,276.8389235569423,99.1223292836196,147.32565379825652,67.5371075166508,6.759370357673409,35.97096234733695,58.3058156727452,110.96060653431296,11.623544631306597,32.59022038567493,4.043170671967829,4.235425741392684,19.675000692962275,17.156893551194045,251.0841881853555,101.11324786324786,92.81053870292887,95.07299758907045,202.34179019384266,5.819491358672482,5.179127782682611
157.35202837508314,5377.386363636364,95.89502837071062,155.4906900328587,74.82764073371284,119.1564545912372,17.267917092395273,314.6343085106383,24.113840195678762,72.77914487849893,49.44723092998955,21.93020669200111,12.047915676556453,26.64870851479201,78.71091151031271,105.67440821795445,66.64303821237442,33.35440063906771,inf,inf,inf,20.96756565149322,64.22502714440826,90.50299630243529,248.70882971268395,7551.223404255319,282.34486873508354,716.9848484848485,8872.6875,16.77573737946682,5.298036230099196,3.5118667715553706,9.830960361208831,28.26146679407549,127.02487473156765,115.4358432265409,60.39436739555858,434.13761467889907,22897.25806451613,163.51416724257084,7.1380517090536095,5.183401489703519,14.065490934310908,26.493542848611526,81.58793103448276,11.164650738474606,22.246372269407967,1897.9010695187167,324.1164383561644,211.6323792486583,139.78239464356045,97.58248556502612,5.238564406854714,21.774134175894964,68.30398383371825,182.00384615384615,8.81035424372564,28.350641051244157,2.6616332438391503,2.9946335680444167,17.37740837760423,13.686082832022212,337.5249643366619,143.74544349939248,61.42925140631761,82.10699826489301,233.87644151565075,6.379786086643898,3.8898661756485713
243.42078189300412,752.7200424178155,57.56812652068127,28.686348205625606,25.341485183862908,48.10674347678753,8.454003001357757,407.9396551724138,3.9600709651143977,10.854602174544675,11.049940065694226,52.78219809637121,25.64267909396337,41.82024391680905,132.47760358342666,233.49177631578948,33.55147475893364,18.658719310236055,inf,inf,inf,30.82132001736865,41.34282718853748,81.03836054344103,57.972476314929764,6394.72972972973,154.54278249510125,203.67718794835008,1714.5289855072465,51.05848079413034,12.431521244176679,8.240918115008185,3.824496085604832,4.66734832096054,97.34160724081185,114.15487294950145,10.41441084554778,123.23177083333333,4492.5,49.361265646731574,5.133617322880204,7.636196398218473,4.609757047947474,18.758820264806154,15.02317558415171,13.783083166663431,13.509221018974936,2430.873287671233,779.1602634467617,357.4093655589124,86.00690657942566,153.80606717226436,14.073578396383535,5.382483412322275,39.07597027250206,219.01110768281396,31.074993433149462,20.428682438266275,4.569193037567269,3.7734439789907923,3.4246902501157943,2.499216590673028,67.05223880597015,38.08837733419189,14.606148527686894,37.70597609561753,194.09762100082034,19.742309617845024,13.903220119873076
1021.31654676259,1792.4621212121212,92.25565375617364,67.97692013024324,75.98105330764291,125.89836821567931,30.04635116830342,1300.0274725274726,10.01403741429418,17.87721949376653,28.756076810889645,125.89836821567931,56.23187831735721,181.3991822131357,327.1036866359447,550.2441860465116,78.04452996151731,55.76361065283997,inf,inf,inf,112.7227251071939,141.5666134822497,269.0731614859742,150.16183625978422,14486.020408163266,407.23752151463,599.5059121621622,3086.1521739130435,165.92215988779805,36.631831552871965,30.994934719007905,6.203375166049081,8.026131301024446,376.16057233704294,477.66823687752355,23.198084842146546,260.3870139398386,5770.8536585365855,120.90189064895247,19.253919600716106,27.04057142857143,12.158113802199308,69.00787478125608,33.063862493012856,48.834881320949435,38.7644039102179,7800.1648351648355,6172.304347826087,1378.2815533980583,265.64932634730536,815.8793103448276,70.7691924227318,17.063680946199337,87.26518318170642,740.1616266944734,142.1620268375726,55.61070197430273,14.24701938902493,14.909260854040202,6.817343616438882,4.735951907551475,179.42745197168858,64.34729398966549,20.57733004783302,123.31740792216817,506.6488222698073,70.8539628668397,46.456901629687806
54.18021525074422,788.6833333333333,48.21785204809456,914.7100515463917,404.6835803876853,426.31531531531533,164.84324198792382,86.62618989504516,41.141540601634496,115.90708687132593,27.443069785424317,436.8092307692308,251.35092067988668,10.863074286064094,31.9923829269392,110.51144325081738,32.88921323324993,51.402346295893985,inf,inf,inf,19.62386995106577,22.077540356443034,28.0393047600237,865.6280487804878,54601.153846153844,53.177629607431825,2447.637931034483,101402.14285714286,53.599259986407915,118.48022033049574,81.57855418917366,97.24825318536786,191.89375506893754,29.168481610848573,17.79118730731634,409.35121107266434,1451.564417177914,177453.75,32.1154194190571,29.784113796576033,45.22554953806945,51.361432706222864,30.029826120065998,538.1463229719484,21.698254516553053,27.0271865361916,22181.71875,4408.788819875776,78.42393105734173,38.1436401741093,139.1794117647059,72.20170888007324,26.851333459428787,14.807864816939606,43.28140243902439,65.82112388724036,19.831666294143943,76.15223688445445,56.504935519821686,160.99228850079382,118.9567621920563,1256.3097345132744,687.8052325581396,39.967060810810814,17.856082712819482,48.37229112716369,157.10823373173972,112.91998090995864
22.703182472413243,1960.8149171270718,64.82920814686273,478.3119946091644,224.69610636277304,207.30578271028037,194.31015603613469,60.54892092467799,36.000152152964446,93.0904918032787,27.336324424247092,178.25590155700652,117.40241481971552,6.442906417354997,23.36608730001975,80.89981764303624,31.593670717051676,68.44889103182257,inf,inf,709815.0,12.900801512149906,28.59620497945371,22.781147698825343,380.39389067524115,18200.384615384617,70.64241640127389,1050.0221893491125,33800.71428571428,18.950635412217,64.9716247139588,49.357833252207776,93.91571844403282,168.1627576403696,25.654727483012866,14.388239109723715,271.1287242169595,688.4723569350145,20876.91176470588,40.600297431790885,51.26128403264245,38.925966547847544,75.08886067914948,32.75414147939643,306.48316062176167,17.37698296122209,28.263717448435134,10754.772727272728,1815.383631713555,60.78224010960781,33.64849490400569,67.33848780950574,42.30377257285893,43.13673655423883,20.98244110083065,23.9883406556269,32.09944376611043,23.396894983189398,73.8851878838347,79.53109243697479,130.48069852941177,100.25635593220339,626.4916151809356,371.82556312205344,47.418999265147974,19.275356415478615,63.60919437225558,88.89355040701315,53.417745334136065
1085.3440366972477,2709.2175572519086,304.5109395109395,24.952191795268394,16.372915369178603,38.94732510288066,31.55434541009113,1397.273622047244,37.4276298444503,78.48463069438301,82.1355010414256,25.86789358600583,20.09327407575157,309.422406277245,670.9026465028355,832.1395076201642,225.98376313276026,188.03046357615895,inf,inf,inf,246.20707596253902,296.6213957375679,578.968189233279,51.24278082587352,4895.275862068966,1454.5389344262296,370.0808133472367,3140.7743362831857,305.1655202063628,63.07784590775793,59.31436450238155,11.813317578138003,23.943027727180734,948.9505347593583,991.3617318435754,12.098019498227433,63.2182935518347,8985.0,423.0125148986889,54.408630998007055,70.36231165741475,42.10802633920626,180.2475876079228,9.342006554270146,131.13153519305376,114.15487294950145,4275.993975903614,13144.722222222223,1797.0,763.241935483871,1463.5360824742268,147.78575890068706,53.20952023988006,241.10563858695653,1177.1393034825871,214.3808517064331,158.65333035315155,13.70431508832899,30.584927611168563,5.308536257030035,5.678383718790749,147.81653477717617,44.803067600833174,80.52353942144073,307.14625703158805,1448.6020408163265,86.45736906211937,43.99770656418521
7317.680412371134,25350.535714285714,7886.833333333333,246.20707596253902,72.94368512999692,100.49766388220303,774.062159214831,10287.173913043478,383.47649918962725,453.555910543131,692.5024390243902,105.43894830659536,260.0054945054945,2184.0461538461536,8158.793103448276,8763.148148148148,2170.6880733944954,2253.3809523809523,inf,inf,inf,2982.415966386555,2827.9482071713146,6633.785046728972,105.26694349695981,9218.376623376624,7715.380434782609,1121.350710900474,6337.633928571428,2794.547244094488,1357.1988527724666,1304.8069852941176,446.42452830188677,689.1407766990292,11636.311475409837,6891.407766990291,148.6212311557789,84.25103857566765,7098.15,3183.026905829596,1690.0357142857142,1428.199195171026,1002.5635593220339,3429.057971014493,43.168217478562305,3348.183962264151,905.3762755102041,5143.586956521739,37358.68421052631,7800.1648351648355,8066.079545454545,20876.91176470588,2698.916349809886,917.0736434108527,1662.3302107728337,7027.8712871287125,5143.586956521739,1806.145038167939,521.5393093313739,1006.8297872340426,110.10004653327128,206.4015702239023,345.40875912408757,120.4914276014259,651.2064220183486,2508.180212014134,16132.15909090909,2658.483146067416,1078.7462006079027
141963.0,inf,inf,88726.875,7632.419354838709,7027.8712871287125,236605.0,177453.75,59151.25,24476.379310344826,101402.14285714286,18679.342105263157,37358.68421052631,709815.0,70981.5,236605.0,354907.5,54601.153846153844,inf,inf,inf,141963.0,118302.5,inf,25350.535714285714,354907.5,inf,1999.4788732394366,21509.545454545456,16132.15909090909,41753.82352941176,236605.0,177453.75,177453.75,709815.0,709815.0,33800.71428571428,41753.82352941176,8985.0,709815.0,70981.5,22181.71875,78868.33333333333,54601.153846153844,33800.71428571428,29575.625,88726.875,inf,709815.0,inf,inf,709815.0,354907.5,118302.5,13144.722222222223,118302.5,236605.0,177453.75,118302.5,101402.14285714286,59151.25,101402.14285714286,4381.574074074074,5257.888888888889,236605.0,354907.5,101402.14285714286,141963.0,inf
162.72696011004126,426.0594237695078,21.236686213499283,573.3562197092084,310.2338286713287,439.5139318885449,167.56728045325778,212.39228007181327,21.412217194570136,49.65130106323447,13.957350165172251,554.1100702576113,317.3066607063031,19.65974241794765,43.55762150220913,134.35831913685405,17.62595912691515,53.843207160737315,inf,inf,354907.5,31.04780859067448,22.93350780265581,29.481039996677328,575.2147487844409,59151.25,35.61361697857609,1375.610465116279,20876.91176470588,69.40598415957759,159.36573866187697,94.23990971853425,57.22929936305732,95.1239614044492,30.896448158788196,32.076234805007005,254.87073608617595,1196.9898819561552,39434.166666666664,20.48882923449948,29.79661657291579,53.994751255134645,42.64433763893061,32.33339406914772,308.8838120104439,25.537506745817595,20.479371032890942,30861.521739130436,5678.52,156.79589131875414,25.614918263505466,220.02944823310602,93.91571844403282,28.545604439797312,12.800761032262718,156.278071334214,88.20864918603206,16.36121611654066,76.2667884388095,63.99341868012982,97.8380427291523,67.10294951786727,810.2910958904109,406.7707736389685,14.536453000204792,14.924935343468114,82.82555425904317,204.32210708117444,129.9075768667643
78.91217342968315,368.92671517671516,20.51014216366158,118.9567621920563,52.55163989042718,76.70358763777826,10.684996462494919,125.9877529286475,5.466843807763401,13.107099990767242,8.645842214886905,54.75277692070349,23.32155999474307,11.26565302268002,27.50794450472795,45.0618969019807,13.86140837369161,5.929999415199793,inf,inf,354907.5,7.822687297493884,11.349776143268308,20.547546678245766,177.7203304957436,8066.079545454545,49.375,437.8871067242443,10140.214285714286,14.863056724668635,9.652750390970287,5.633407671367688,5.673300563481597,14.317136633184074,20.652768483226165,28.902439024390244,42.374485105366844,395.0,7243.010204081633,23.84089611392873,3.228985652288628,5.378568018731388,4.600137392014413,3.8430698429886303,63.19015401050476,4.313568798084519,4.090940527580702,2553.2913669064747,404.45299145299145,78.772056375541,22.58471475388972,50.91929698708752,6.2880593180549775,4.348610532506678,13.794601212686567,76.70358763777826,9.394928063743333,3.829778624265543,3.2191302454886417,2.550319052614938,13.100568454468274,8.866702475828816,200.0605975197294,133.67514124293785,9.256122369141695,13.657379793354242,40.28461975028377,14.797677618412274,10.491530684639944
66.2511666977786,627.0450530035336,23.349177631578947,164.08113730929264,72.57080053164299,109.38742487286177,16.97025844550171,129.7650822669104,7.201418338980988,18.535448491970232,11.461199379965123,58.66239669421488,24.51695910472506,9.791091922312955,25.08002967988128,36.46060201356072,16.604636474221017,7.718232825174521,inf,inf,inf,5.117960069507034,15.158242039848805,23.538882440722933,245.27125086385627,9464.2,60.50762935811099,704.8808341608739,7975.449438202248,8.03112589525135,6.349652914445199,4.47282523078862,8.72769860689299,21.05276426622375,30.152287498407034,30.08455539543952,63.54086473905649,473.21,7098.15,33.527702989939066,4.617553880081446,4.425115020635138,6.9564471711242,6.00972813709138,89.47623849741586,3.472302394067175,4.921751490777978,2312.100977198697,286.56237383932176,75.7055247440273,33.374788414519465,37.30371032163128,6.1698900430266415,5.4472096878165575,15.569874311785737,66.56803901341085,9.333039682330975,5.493924148606811,4.2087303516688115,3.4518031862125307,18.30505196379297,13.520285714285714,266.3470919324578,141.00417163289632,12.905727272727272,16.199534427277083,52.91992842764482,13.099117885878792,7.898769251313095
182.94201030927834,424.2767483562463,34.42528735632184,107.72727272727273,58.411372613561554,91.00192307692308,13.475367821547223,262.1177991137371,7.02794087070169,11.550910481521862,13.098151018600532,81.55980696311617,33.00697512206464,28.456342206542654,66.11540611028316,104.032683570277,22.706813819577736,8.768019269964796,inf,inf,709815.0,20.349033885671695,27.452622215346533,44.53601455640607,155.59294169224026,10140.214285714286,88.06637717121588,432.8140243902439,5181.131386861314,39.69882550335571,14.500817160367722,9.21096000622875,5.4436170375937545,9.789471506592376,44.308052434456926,59.00374064837905,36.802768704308605,314.49490474080636,8450.17857142857,36.29838915878292,4.3194749557290555,6.397207927395297,8.677657155431673,9.275353796699203,50.16714962188141,8.36188108897711,6.586571028236844,2508.180212014134,675.371075166508,179.38210765731614,42.87358057501812,137.50774893452152,10.518894487255483,5.6207388050837395,27.057063352900816,171.5357660705655,19.57408377685244,11.04014371481009,4.808653767986343,4.41800901259772,12.58760418513921,7.898593461375826,164.80496865567682,95.3924203736057,11.048908052239154,23.35993549661028,84.693354015034,23.89627659574468,16.40887234731148
82.62309393551391,481.8839103869654,34.67417322065361,237.9534026148173,104.33852712038806,140.86425878150428,30.892414153283717,123.68269733403032,9.080634019035923,23.510035771065183,9.78704188842622,97.24825318536786,54.05231495583308,11.86902213898736,40.09348169905106,70.42514138307372,14.63686978038973,12.57778998476096,inf,inf,236605.0,9.964553443580312,13.344895657078398,23.16552984563167,254.140708915145,12905.727272727272,58.411372613561554,801.1455981941309,19717.083333333332,12.477631093219893,30.681435055111304,19.335739580495776,19.663010055680214,42.008344676569806,26.262209560455823,28.466613194305193,99.77719988754569,560.2328334648777,12905.727272727272,31.23635803555712,4.242032164179551,8.805435982682264,9.77235492531149,9.197473275024295,137.74791383660005,5.077433153550122,10.364683721745225,4963.741258741259,917.0736434108527,101.67812634293081,31.261120408702546,51.84915997078159,15.065584208850684,6.257239573691588,22.049422216699803,82.04056865464632,13.13766680856577,5.4892081880118475,14.984483850538316,11.577475126406785,40.90209749913564,29.913397109022714,336.5647226173542,223.8457899716178,11.675933084401164,17.304541797703504,54.75277692070349,44.39395834636313,29.66461885656971
1971.7083333333333,5502.441860465116,729.5118191161357,41.32838427947598,22.46747697274713,43.29460201280878,58.21495940293611,3286.1805555555557,80.49614425039691,161.2116738587327,174.1877300613497,29.741682728567838,49.313255523134636,565.1393312101911,1240.9353146853148,3099.6288209606987,422.50892857142856,359.5820668693009,inf,inf,709815.0,463.0234833659491,469.1440846001322,760.7877813504823,42.63153153153153,5377.386363636364,1448.6020408163265,374.96830427892235,2921.0493827160494,619.9257641921397,148.34169278996865,131.05889955686854,26.689791314156796,52.79397545555969,1706.2860576923076,1698.122009569378,13.891791921089714,41.899238533734724,6066.794871794872,580.8633387888707,118.83726770467102,152.68122176812219,87.91367351994055,297.7411912751678,11.448813690543396,273.95407178695484,177.3207594304272,5070.107142857143,4225.089285714285,3943.4166666666665,1192.9663865546217,1820.0384615384614,272.27272727272725,127.13863514239657,348.97492625368733,1714.5289855072465,395.2199331848552,321.91156462585036,31.406353701163667,61.41330680048451,10.166356344886852,14.935298573412448,131.78889714073523,37.796325878594246,164.23299398426656,408.40909090909093,2260.5573248407645,181.67775787048888,102.26408298516064
54.30872226472839,755.926517571885,32.40128725977998,205.68385975079687,104.66160424653495,122.93297540699689,28.403961584633855,109.01781600368606,9.061043951134202,24.724476644954542,9.473926564606328,73.63990040460628,36.20766170169353,7.364830512871061,27.546375349270413,43.745531862442995,12.480702618114044,7.281647517439475,inf,inf,177453.75,4.567722879316336,11.013421256788208,17.91376438522108,276.7309941520468,8350.764705882353,50.74093930945743,592.5,5545.4296875,8.38083712143574,12.120743827055087,8.056466715850405,14.897057588985897,33.60230070062488,26.225338062513856,23.499139243858835,86.02775421161071,670.9026465028355,10140.214285714286,30.66685388404044,4.160404895318032,5.0207957559681695,8.912235545231967,6.877319277983935,136.0320045994634,4.431413802145114,5.10239803326768,4102.976878612717,458.24080051646223,84.31108207625608,29.981626187961986,28.753747063112694,6.062753036437247,7.180946310965432,17.22935579397058,50.60708683872808,8.743179158711584,4.138742310719804,8.792783083726635,6.179612411199331,29.162489728841415,21.877484974572354,287.72395622213213,189.99330835117772,13.066324276562845,14.435936546674801,58.38734885251296,22.16301870296937,13.785760065256657
44.8767149269773,238.11304931231132,16.914049468617453,133.6499717567313,62.555300960606324,72.51149249157217,21.002307897150633,81.56917949896575,4.340128525744893,9.025557886706084,6.417799115740364,79.9701442091032,31.323198446670492,7.538792416759598,22.47601405908616,48.89543294069023,8.43822442016667,9.849239607037797,inf,inf,709815.0,5.491841329526728,10.967983682803592,18.39804567014852,113.64313160422671,9218.376623376624,25.406793614431958,318.8746630727763,5502.441860465116,7.504837123735211,12.994087064767694,12.632632721707095,11.521100470702809,19.573544010589014,19.40923135817998,18.8941386286201,54.30041309669522,232.57372214941023,6172.304347826087,15.899448974106264,2.8112932547022225,4.983570992269941,5.436237755703793,7.375237679623453,63.111496399039744,3.446992322372926,12.615120763502587,3380.0714285714284,589.5473421926911,74.16309685508307,22.90316855962829,30.876288659793815,12.685234827364358,2.8033214194032503,9.640688877721487,53.51036562382209,8.869583145898936,4.215353825688291,11.55899882751433,9.239254939733945,23.35225029609159,16.343134094676735,140.83630952380952,76.94471544715446,5.366937099737632,8.968765399340434,29.16368790829533,27.812977547901728,20.105225888684323
59151.25,inf,59151.25,9592.094594594595,3211.8325791855204,3987.724719101124,6825.1442307692305,70981.5,11090.859375,22897.25806451613,35490.75,1752.6296296296296,2709.2175572519086,18679.342105263157,17312.560975609755,59151.25,30861.521739130436,26289.444444444445,inf,inf,inf,21509.545454545456,21509.545454545456,88726.875,7027.8712871287125,141963.0,141963.0,18200.384615384617,709815.0,29575.625,3126.9383259911892,3183.026905829596,3271.0368663594472,8872.6875,70981.5,54601.153846153844,4796.0472972972975,8158.793103448276,709815.0,141963.0,7800.1648351648355,10140.214285714286,7243.010204081633,27300.576923076922,3921.6298342541436,27300.576923076922,28392.6,1297.6508226691042,354907.5,64528.63636363636,78868.33333333333,47321.0,12238.189655172413,6337.633928571428,27300.576923076922,88726.875,37358.68421052631,19717.083333333332,1950.0412087912089,3380.0714285714284,1863.0314960629921,2125.194610778443,10754.772727272728,8350.764705882353,29575.625,59151.25,70981.5,2456.1072664359863,1897.9010695187167
141963.0,inf,78868.33333333333,236605.0,10287.173913043478,22181.71875,17312.560975609755,141963.0,27300.576923076922,70981.5,15773.666666666666,8253.662790697674,7975.449438202248,32264.31818181818,118302.5,141963.0,70981.5,20876.91176470588,inf,inf,inf,15430.760869565218,35490.75,59151.25,101402.14285714286,inf,141963.0,177453.75,inf,9858.541666666666,3584.9242424242425,5336.954887218045,28392.6,33800.71428571428,88726.875,59151.25,59151.25,177453.75,inf,inf,12238.189655172413,12030.762711864407,16900.35714285714,20876.91176470588,12905.727272727272,10594.253731343284,25350.535714285714,177453.75,927.8627450980392,101402.14285714286,236605.0,177453.75,10287.173913043478,17312.560975609755,44363.4375,37358.68421052631,10920.23076923077,39434.166666666664,9723.493150684932,7471.736842105263,35490.75,17312.560975609755,101402.14285714286,28392.6,54601.153846153844,70981.5,141963.0,26289.444444444445,15430.760869565218
180.38500635324016,2218.171875,128.9166363966582,4408.788819875776,1025.7442196531792,926.6514360313316,870.9386503067485,131.42288465099057,242.42315573770492,566.4924181963288,213.0297118847539,813.0756013745704,784.3259668508288,74.35732243871779,133.6499717567313,178.25590155700652,307.14625703158805,354.73013493253376,inf,inf,354907.5,150.16183625978422,240.1268606224628,208.83053839364518,1391.7941176470588,78868.33333333333,366.82945736434107,3696.953125,27300.576923076922,197.66499582289055,231.13480950830348,270.09703196347033,572.4314516129032,1008.2599431818181,118.06636726546907,82.79657062871807,1466.559917355372,4381.574074074074,101402.14285714286,236.605,168.1627576403696,161.61543715846994,408.1742380678551,197.83026755852842,2658.483146067416,138.3924741665042,179.11052233156698,50701.07142857143,14196.3,148.0940955560192,178.74968521782927,471.01194426011944,250.37566137566137,196.84276206322795,64.27737027981527,107.14188679245284,203.9698275862069,165.76716487622608,401.47907239819006,331.3795518207283,841.0130331753554,590.5282861896839,2827.9482071713146,1336.7514124293784,204.73464089991347,177.67584480600752,169.8122009569378,475.7473190348525,387.45360262008734
98.91513377926421,906.5325670498084,42.39979690580013,1179.0946843853822,580.3883892068684,807.5255972696245,188.78058510638297,131.64224777448072,53.6357110473024,121.75214408233276,27.284835671727848,811.2171428571429,461.818477553676,16.202862490869247,43.75631857970657,169.9341632750778,29.686951066499372,61.06986148154521,inf,inf,709815.0,30.398929336188438,23.848906360245945,38.27527635481262,1254.090106007067,141963.0,66.58052715505112,3286.1805555555557,88726.875,85.3245582401731,164.57570136795735,111.27371061294873,101.12765351189628,175.8273470398811,29.842968257305024,21.85525586550896,452.68813775510205,2456.1072664359863,118302.5,25.22979313286415,35.80222939574296,65.47504842726686,53.78201242612517,37.13975512766848,591.5125,33.08235458612975,31.151364873167733,24476.379310344826,5460.115384615385,116.93822075782538,39.40351948484512,237.07915831663325,103.86523266022827,33.64211574008247,16.53809412861137,77.69428633975481,104.43063116080624,19.285830729520445,97.3282599753188,63.41030909415758,179.47281921618205,121.46047227926078,1513.4648187633263,849.061004784689,33.886236692605145,16.706639678019158,56.967495987158905,229.41661279896573,174.31606090373282
186.59700315457414,9723.493150684932,435.20232985898224,5297.126865671642,1982.7234636871508,1887.8058510638298,1103.9113530326595,566.9448881789137,286.7939393939394,825.3662790697674,174.27326295114167,1163.6311475409836,323.67305061559506,62.54427702881311,232.4975433999345,271.02520045819017,134.5365807429871,279.7851793456839,inf,inf,inf,48.61080673880291,116.5733289538512,185.37868895272916,4354.693251533742,78868.33333333333,747.1736842105263,9218.376623376624,78868.33333333333,68.6143064282262,128.1254512635379,255.23732470334411,501.99080622347947,1053.1379821958458,338.3293612964728,233.49177631578948,2698.916349809886,8985.0,37358.68421052631,499.1666666666667,108.80058246474556,93.05388044048243,350.0073964497041,135.77180566182096,1539.7288503253797,53.82687495260484,100.0585001409642,13144.722222222223,14787.8125,520.3922287390029,408.1742380678551,145.36453000204793,164.4994206257242,226.7779552715655,236.21131447587354,216.53904820012204,101.88244581598967,57.36805948436111,325.00686813186815,236.5261579473509,828.2555425904318,952.771812080537,5070.107142857143,2422.5767918088736,286.6781098546042,182.518642324505,831.1651053864168,430.7129854368932,388.30142231947485
128.61297336474,3059.5474137931033,90.1009139375476,307.14625703158805,144.33001220008134,201.36595744680852,34.3254025823299,196.24412496544096,20.54516773278532,62.2590123673362,44.95914618697745,67.76276849642005,31.32458075904678,16.37782648823258,61.626584476471606,102.05823148813803,52.825407457021655,23.494472395074805,inf,inf,709815.0,13.29864168618267,46.094876290668225,62.07932482071016,353.31757093081137,6958.970588235294,249.67112205416814,766.5388768898488,15773.666666666666,10.322930149357921,5.666868917505608,5.160189304719532,18.024301058886266,50.32007656316461,94.95852842809364,70.86811102236422,110.37396983361842,979.0551724137931,15102.446808510638,128.03300865800867,6.521098034892374,6.61739616836806,12.527842002153232,16.496967020707928,171.37011105746015,7.633650588804646,17.98001418511576,3113.2236842105262,232.80255821580846,150.89604591836735,110.61477325853203,68.06818181818181,8.579379948026833,15.7230036548898,54.22160262775953,148.8705956375839,7.773768193715844,18.41188524590164,7.094744522629138,5.067428644859146,37.046711899791234,28.726982071310047,434.13761467889907,281.33769322235435,54.74010950875299,59.43355940718413,190.2479228088984,13.239606065693023,8.920748030011689
102.14635199309254,118.3814209472982,14.991129696508901,83.78364022662889,37.04091217450295,55.97468653891649,9.98052587176603,115.81253059226627,4.983605981885838,7.537511548141148,7.359866865745925,61.25960127729352,39.144929134726745,16.081720966060992,34.14870585971327,50.384369676320276,12.669611780455154,5.643978849441418,inf,inf,354907.5,15.02540166380898,22.480285035629453,30.857496848237187,82.94169198410843,4301.909090909091,51.792411528639185,259.24579985390795,3126.9383259911892,26.73100097913685,21.661173670237115,12.96821046862154,5.132800636343915,11.395328303098411,27.466431915799248,33.29182496130576,32.410163919455734,195.16497113005224,4464.245283018868,24.113021027958013,4.424342720370993,5.992073206763521,5.558805563386899,7.203464653230226,48.62745769678701,6.896764477263894,3.097775566582438,3640.076923076923,506.2874465049929,99.58122895622895,32.957932859729766,86.09035779260158,10.597100713624556,4.9677710590409,16.621745035593854,100.04439746300211,12.987667648619471,9.38474251338666,8.603713894377037,7.602988431876606,12.000050717654815,7.996654048938759,90.89704187475989,61.227896144224964,6.304423128164135,14.863679195895717,35.242291842510305,28.662023016353725,19.223155044008124
71.8072837632777,160.4827040470269,10.777143464464116,466.06369008535785,253.86802575107296,247.23615464994776,123.53202227636616,42.82185086872587,22.04805243213021,49.8956136651202,14.105460832240372,346.0823988298391,195.54132231404958,13.540144593022147,12.919586465481153,35.56721952197224,17.591449814126396,33.19995322731525,inf,inf,101402.14285714286,23.13909896987873,15.069102411684783,18.149658646347387,337.685537583254,50701.07142857143,20.07679253288078,844.013079667063,19184.18918918919,48.527722704587404,63.252094100873286,56.80337708066581,52.69599109131403,68.720592506535,15.99402884182064,19.228883350490328,174.96056199161941,955.3364737550471,13144.722222222223,12.222595309432792,16.019657405944617,26.543078303791788,33.296509991556434,23.29171452009844,237.55522088353413,19.272739614444745,14.425081797305262,11090.859375,2794.547244094488,40.42917354901179,13.620428291821776,142.1051051051051,53.32143930288461,17.077639303243192,5.898118757582305,41.852299528301884,51.07317599654627,11.934076465247655,49.28244115809206,45.8714618069019,71.61890828372515,51.64168788650419,451.8236791852323,274.48375870069606,13.759304489416143,9.387348903642183,20.207105645230165,102.90156567120904,80.06937394247039
145.78250154035737,8450.17857142857,423.5173031026253,4732.1,1100.4883720930231,954.0524193548387,1662.3302107728337,233.64549045424621,418.5229952830189,1070.6108597285067,302.04893617021276,768.1980519480519,592.5,63.53517722878625,171.70174165457183,356.51180311401305,366.45069695405266,647.6414233576643,inf,inf,709815.0,152.77981058975462,271.02520045819017,237.9534026148173,2033.8538681948423,32264.31818181818,719.1641337386018,5336.954887218045,88726.875,198.93918161434976,358.49242424242425,547.2744795682344,907.6918158567775,1682.0260663507108,205.14884393063585,105.58009817045962,2197.5696594427245,6015.381355932203,177453.75,573.8197251414713,422.0065398335315,366.45069695405266,914.7100515463917,391.08264462809916,1944.6986301369864,199.10659186535764,332.1548900327562,44363.4375,19184.18918918919,309.96288209606985,372.80199579831935,675.371075166508,526.5689910979229,450.39022842639594,168.88294075660244,77.84766396139504,352.2655086848635,257.9269622093023,731.0144181256437,741.7084639498432,1067.390977443609,983.123268698061,2678.5471698113206,1563.4691629955946,482.5390890550646,245.01725923369003,444.1896120150188,812.1453089244851,518.1131386861314
105.62723214285714,1484.9686192468619,76.11957104557641,471.3247011952191,212.26525119617224,274.27163833075736,67.46649558026803,183.65200517464424,25.52006183936147,75.5685084637496,41.96860403240111,125.0114476928496,62.50022012855508,15.30004526544953,65.05499037668407,76.85307492420961,55.697975517890775,20.57196267099467,inf,inf,inf,13.860596356251586,50.16714962188141,64.24828023171615,570.5908360128617,13650.288461538461,209.26149764150944,1167.4588815789473,19184.18918918919,12.168743892612847,12.626116190543954,11.568606678944537,38.73056146668849,96.5734693877551,87.02979401667484,57.51681387245766,217.8014728444308,1205.118845500849,27300.576923076922,135.4350314825415,10.15879035951454,12.153742102289266,24.199338606300287,16.75989327540612,238.35292142377435,11.437929034129363,14.223609329913433,4150.964912280701,391.51406508549366,176.65878546540569,104.70792152234843,56.28092293054234,10.213900280595727,16.255181258158334,63.774932614555254,102.42640692640693,15.95627739687535,18.704938336671233,21.306807948610192,14.49874379557571,78.16484968615791,62.2590123673362,642.3665158371041,321.0379918588874,54.943494078489046,63.17890520694259,131.52028904947193,30.570438003359317,20.85728138222849
32.93346633879274,641.7857142857143,22.33035517664454,203.85267087880527,94.97123360984747,121.98229936415191,39.46486155899033,100.45499575431644,9.371855979086073,24.348758232711305,5.124907041724728,118.16464125187281,66.46207865168539,5.602505209319947,28.178443826915444,78.42393105734173,8.74490261060257,9.729490781988897,inf,inf,236605.0,7.069729686659628,6.6693758280168,9.057112962703041,202.22649572649573,9997.394366197183,25.60290722839417,562.4524564183835,10920.23076923077,9.695999016487495,28.914212391543444,18.969373847510624,18.71233490628213,32.650183992640294,13.468208640874334,15.678896448135713,84.51184664841053,480.2537212449256,14486.020408163266,11.94934513989428,4.99711359076349,9.40800286289895,12.113297382163214,6.822126751629087,133.82635746606334,3.3760523186682523,5.024029614110586,6172.304347826087,988.600278551532,79.76345656815373,13.440411270165871,24.04359460741142,15.518134715025907,7.536231114697357,9.877061156334795,37.392140336090186,15.304333764553688,5.947140439365249,14.176452965847814,11.460089121379443,29.893240682248894,23.84490056436442,239.88340655626902,172.99902510358274,7.394291369342153,6.3052631578947365,49.88509382247523,39.18815215591012,28.396007520902508
247.84043296089385,4102.976878612717,70.88226482923906,45.46016395542462,21.886929172705127,42.22324668371899,6.162604943523672,302.4350234341713,16.66701887855734,51.054808314752215,34.525755143732674,7.518828451882845,3.826887929221861,50.70107142857143,98.8737985791893,109.03456221198157,57.88737563203392,27.96088395178445,inf,inf,inf,25.888649792107376,39.910879955018274,76.27498388136686,116.32497541789577,10920.23076923077,220.9884806973848,497.4176594253679,3857.6902173913045,44.99904906808673,4.767666794285369,3.161689049241665,4.502702325522386,14.968999768025474,108.07171132764921,138.04259043173863,14.84440680092854,190.40101931330472,13917.941176470587,85.00778443113772,3.684231014777098,3.5813248300950056,6.841524419041744,19.753297712472868,19.78854195706719,11.73655318374973,18.55143484397052,540.1940639269407,1097.0865533230294,283.5856971634039,102.90156567120904,154.74493132766514,8.93523413897281,12.60772646536412,47.10119442601194,232.19332679097155,25.28551581647193,18.75931603150272,1.192848104137573,1.1772134894072928,3.9142986340500387,3.623205790473079,161.3949522510232,82.08800740141089,32.999302649930264,56.91268441308531,229.9368318756074,3.8904418172550437,3.640935810498887
165.26542491268918,1928.8451086956522,64.64617486338798,71.33102200783841,39.42102632455848,61.13297734906554,6.695167847272659,250.28737658674189,11.59980062753301,33.68202524437696,22.46747697274713,21.301053326531225,8.267891254717421,29.53747243144272,80.50527390268799,111.06477859489908,31.644376086665776,15.723700241454932,inf,inf,709815.0,13.970536136041568,22.58471475388972,43.64869019800763,136.00593983521748,9592.094594594595,129.48102882159796,578.4963325183375,7975.449438202248,29.800369452957725,3.7306063026888387,2.9148358642892926,3.7405736689836164,11.605490337137438,55.60198966003447,81.03836054344103,26.3313796045554,305.69121447028425,16507.325581395347,51.10995103686636,2.543911835857002,2.4756727911940737,5.306234581744786,11.540769043167222,38.07203389830509,6.139896373056994,11.831433143314332,1240.9353146853148,322.2038129822969,185.91278156102672,49.330391271109875,109.55625868189536,5.081722508591065,9.22724436471414,33.656472261735416,160.73709239130434,14.459756768318767,10.873558112103433,1.0,1.2633891861297109,6.999940830152954,5.472576019243816,218.67375231053603,99.51142576755923,23.421599683231044,30.953035060177918,158.54701809247263,5.613138166635035,3.7879224500904534
606.6794871794872,1405.5742574257426,128.6595976073953,12.589166947484172,14.614869873167518,29.36881956224916,12.500924605061552,845.0178571428571,14.420099951243296,35.5120572343406,36.38397662617253,20.14288146655694,10.549379505090288,123.01819757365685,284.60906174819564,439.78624535315987,98.13562836997097,64.20179088277858,inf,inf,inf,88.39539227895392,124.81360998769122,246.97807933194156,33.74286936679977,4079.396551724138,486.507882111035,229.04646660212973,1690.0357142857142,105.50163495838288,21.476354724516657,17.594938277725447,3.9094263762288985,7.645408328127356,361.9658337582866,433.87224938875306,5.645954136540435,42.736769221506414,2562.5090252707582,137.50774893452152,17.228519417475727,21.075267220902614,14.600740512187597,61.79827616228452,6.0685583844878,40.44990882151812,45.38749280644542,2016.5198863636363,4126.831395348837,777.4534501642935,307.2792207792208,473.21,50.075132275132276,20.318162301416915,87.04046597179645,428.37356668678336,88.59398402396405,57.1878021269739,4.0305664705748745,8.568712426664092,4.022799918389554,2.57384509391544,61.56778558417903,25.089781202502564,32.80257867738805,121.14951356886841,650.6095325389551,26.67975944371359,14.205675745992355
437.8871067242443,913.5328185328185,67.73690237618094,16.304467669691054,20.738452099219913,48.30973933165453,9.809629762710928,660.9078212290502,7.180074651776773,18.91730184958158,21.474405518242875,31.818854222700377,22.412851278812756,72.23109799531902,202.34179019384266,307.2792207792208,56.976641515492055,34.155278606486384,inf,inf,inf,56.027705422685294,72.24580152671756,131.91135476677198,45.02188253203095,5219.22794117647,250.0228953856992,226.92295396419436,1666.2323943661972,90.00951052498098,16.51001325797223,11.776080031853475,2.3462399143233963,4.380898009566425,178.34547738693468,205.03032928942807,5.441697332106716,79.0351853913818,3658.840206185567,80.24135202351346,9.609755767356223,13.249244036286258,7.882454192115492,34.976594067211984,9.337459549054172,25.899985404655915,21.645320647699204,2334.9177631578946,2481.8706293706296,450.1046290424857,154.30760869565216,341.0932244113407,30.680108921161825,9.558639356845635,54.50890800184303,385.3501628664495,58.488381674357285,33.73004181714503,3.806488805469902,5.9068062478675865,2.244360759613743,2.9554690427613775,77.26298029824753,31.621820287789014,19.972846731759475,63.111496399039744,310.505249343832,20.680447513329256,12.497403031850274
37358.68421052631,141963.0,27300.576923076922,6958.970588235294,2422.5767918088736,1290.5727272727272,8350.764705882353,35490.75,2057.4347826086955,4669.835526315789,4700.761589403974,1787.9471032745591,1609.5578231292518,7551.223404255319,24476.379310344826,9858.541666666666,5297.126865671642,10754.772727272728,inf,inf,inf,9218.376623376624,7800.1648351648355,39434.166666666664,983.123268698061,16900.35714285714,11448.629032258064,725.0408580183861,7975.449438202248,5181.131386861314,4200.08875739645,8350.764705882353,2406.1525423728813,4669.835526315789,35490.75,30861.521739130436,2526.032028469751,2297.135922330097,7632.419354838709,20876.91176470588,6760.142857142857,5297.126865671642,5866.239669421488,11636.311475409837,1370.2992277992278,4895.275862068966,7169.848484848485,118302.5,177453.75,19184.18918918919,54601.153846153844,29575.625,12238.189655172413,2850.6626506024095,9592.094594594595,10920.23076923077,13650.288461538461,10438.45588235294,3878.7704918032787,6633.785046728972,1413.9741035856573,1787.9471032745591,152.28813559322035,194.09762100082034,7393.90625,5724.314516129032,8158.793103448276,9723.493150684932,4010.2542372881358
5502.441860465116,25350.535714285714,3154.733333333333,532.4943735933983,212.7105184297273,93.5197628458498,880.6637717121588,1678.049645390071,310.64113785557987,528.9232488822653,725.782208588957,232.34533551554827,407.0040137614679,2719.597701149425,3677.79792746114,7800.1648351648355,1386.357421875,1549.8144104803494,inf,inf,inf,2028.0428571428572,2719.597701149425,6825.1442307692305,44.61158946640689,3965.4469273743016,5502.441860465116,389.79406919275124,2016.5198863636363,1549.8144104803494,504.4882729211087,1036.2262773722628,383.47649918962725,402.61769710720364,11090.859375,7027.8712871287125,238.35292142377435,131.44722222222222,3332.4647887323945,3878.7704918032787,1072.228096676737,1475.7068607068607,676.6587225929457,1778.984962406015,98.61280911364268,1580.879732739421,950.2208835341365,22181.71875,33800.71428571428,3900.0824175824177,8985.0,5915.125,2028.0428571428572,693.1787109375,1646.9025522041763,3197.364864864865,2057.4347826086955,1560.032967032967,487.5103021978022,703.4836471754212,149.49768323504634,213.60668071020163,113.82536882617062,39.63675452311816,621.010498687664,1413.9741035856573,8985.0,1349.458174904943,855.1987951807229
208.83053839364518,269.8916349809886,19.60111009858338,242.25767918088738,118.75773799564999,167.52773188576822,59.03809365383016,195.97321921590282,5.5299199900279685,12.233760190275934,7.089288389513109,288.19123020706456,120.86071854248254,27.099415874470278,47.635393597745114,107.22280966767372,13.316854902255075,15.099555404284287,inf,inf,354907.5,27.800994830017235,30.81195468159917,42.430211010819534,185.91278156102672,37358.68421052631,53.83503981797497,532.0952023988006,11448.629032258064,65.35447932971181,78.73710482529118,48.95951165678024,14.607651465261771,22.147804923710567,43.41110635435142,53.03855637749383,85.62303980699639,437.8871067242443,14787.8125,16.224342857142858,11.903057032180168,26.051124894483795,14.304441578332192,14.26735141002191,116.24877169996725,15.099876616746085,9.17144739902318,6958.970588235294,3462.512195121951,164.15703052728955,34.77610112194405,198.60520425293788,53.0821866586898,8.771594869133239,13.997811039460451,163.32604693971467,55.82500983090838,11.36977414704469,32.94722428518381,26.768299581400612,32.14887449612754,21.05089118894392,280.3376777251185,155.90050516143202,7.9060714405052295,15.292793278035118,76.9280372818901,121.10817266678042,68.33686338692597
42.97481382817703,383.8912925905895,19.489168336948463,277.37983587338806,145.00817160367723,176.57089552238807,82.8642306794303,90.89704187475989,13.291171238648067,32.621673790155796,6.850768740770768,196.515780730897,124.13693599160545,6.434962740014142,27.67849483330084,103.86523266022827,7.324929827458103,25.06851492141974,inf,inf,709815.0,10.849624749705761,10.207584342373954,14.132984230646702,180.15609137055839,25350.535714285714,20.255543189795393,535.3054298642534,9723.493150684932,28.02601966281044,63.15080071174377,41.68516560958422,34.75907154399882,57.19240995890742,15.049293982953822,16.014597387360965,116.19168440006548,435.46932515337426,14196.3,12.486630545684832,14.940642825569892,27.46536913790435,25.3315370614896,15.379940197607905,169.12437455325232,11.318105716335804,9.543859413235808,16900.35714285714,2740.5984555984555,84.92641780330223,14.359423045800291,70.79742669060442,39.93558006076291,16.08427182706034,7.508568345780354,54.44201564657156,41.89676543501358,6.052723582781908,35.81306760847629,31.576805018016817,54.479622380842734,37.40002107592603,218.87604070305272,144.88977342314757,11.016327037387674,8.114397091773744,49.003451846738,83.78364022662889,53.70876210653753
206.10191637630663,332.77777777777777,44.14272388059702,1748.3128078817733,739.390625,932.7398160315374,218.6064059131506,84.36118374138341,37.51863206300544,106.37119736250563,39.836962622067574,917.0736434108527,508.0994989262706,47.55560766447809,50.01162544916508,69.02129521586932,91.88543689320389,60.49215953638998,inf,709815.0,236605.0,91.65999483471074,80.80771857923497,75.32792104425343,957.914979757085,141963.0,87.7072778944767,3086.1521739130435,64528.63636363636,139.04309500489717,211.4432529043789,181.1676875957121,144.65355614428367,264.1663565314477,46.55745769382133,54.956255806751315,605.6441979522184,3256.032110091743,13917.941176470587,52.15009918448314,40.245790100357205,60.06219326451176,72.0404952806252,49.602725366876314,908.854033290653,64.29483695652173,34.73015950680106,30861.521739130436,5915.125,130.76915991156963,42.27605717689101,343.071532141131,163.92956120092379,24.58233766233766,16.22916523767062,121.37739398084815,98.17634854771784,52.50887705281846,204.85281385281385,167.88434247871334,282.00834326579263,161.7627620783956,1272.0698924731182,910.0192307692307,38.52037770662615,50.366494004115516,51.084202950701695,303.210166595472,236.92089452603471
337.2042755344418,4861.746575342466,167.01529411764704,242.25767918088738,116.64995891536566,202.74635818337617,33.805543649092726,269.68655015197567,76.9280372818901,237.31695085255768,136.34556281213983,20.72331542683639,12.962526707938421,68.87395691830002,106.69096648128664,124.63827919227393,188.4798194370685,91.14214175654854,inf,inf,354907.5,45.74434491203196,140.33511269276394,172.15983507154985,409.5874206578188,7886.833333333333,387.0310796074155,1083.6870229007634,19717.083333333332,42.56761619190405,5.597777655102798,7.948122186639195,23.149664079316416,77.74534501642935,284.95182657567244,263.77369007803793,88.59398402396405,977.7066115702479,37358.68421052631,318.73147732375395,15.07326240682933,13.360972028761811,36.72279993791712,61.970927187008904,112.86611543965654,32.89073722255688,54.84585071859063,945.1597869507324,2125.194610778443,282.68219832735963,302.69296375266526,238.75378405650858,14.789969370533203,56.067535545023695,131.0831024930748,315.89452603471295,23.175362413477863,54.80773685429696,3.7696764668394445,6.804664806879296,28.253592325757275,24.533059136625997,495.33496161898114,187.83143688806564,154.34116112198305,188.88105375199575,304.64163090128756,11.407048500626747,7.3139857185545445
208.4013505578391,6825.1442307692305,121.41891891891892,113.20813397129187,41.857235523056964,60.18951920630883,20.830961115187087,445.02507836990594,37.812433411463886,119.82022282241729,73.29770755885997,8.393423044177467,5.1553171709542,44.01953488372093,89.8613748575769,125.65321295804567,124.57265707265707,71.2451068955134,inf,inf,inf,34.48214719455915,126.4365871036694,131.10731437015147,171.03975903614457,7800.1648351648355,386.609477124183,589.5473421926911,8066.079545454545,29.393142573191437,6.305823302092125,3.2047270757144792,14.835719510920681,44.7240249511688,217.8014728444308,162.28052126200274,42.09304394235901,292.94882377218323,19717.083333333332,251.17303609341826,14.85621298059817,11.924252860046701,29.17207792207792,51.81887866841875,59.00374064837905,21.5062869262233,41.66314491988026,770.700325732899,1228.0536332179931,270.199847735059,254.96228448275863,140.78044426814756,9.562889014630992,45.13352832708082,103.66802979407039,217.33466013472136,16.785258229284903,49.27217825905873,2.9496108407750774,5.309727562424261,13.090421215697846,12.673909938220906,257.17934782608694,121.81482752702935,79.69181542606938,127.64161122100342,292.58656224237427,6.362173741574645,5.084525404181859
